,,DNp09,DNg100,MDN,DNa02_L,DNa02_R,DNg02,DNp07_10,DNp01,pIP10,pC1,seer_her_L,seer_her_R,seer_loom_L,seer_loom_R,seer_wind_L,seer_wind_R
true0,forward,36.76205165560046,2.086007008329034,0.6536668157204987,1.076049719626705,0.9973351407970767,0.1235172195786921,-0.02865246559182799,2.1181151399699356,0.0,0.026352494101350536,0.12341956514865178,0.46981183625757683,3.8318776059895754,5.472257688641548,-0.08714375610240188,-0.09603740611206982
true0,back,-0.09000651196887081,0.0,3.8552213869988914,0.7061363697672882,0.0704465161979897,-0.027398076092746727,-0.2760008542488019,-0.7934476120087006,0.8309306786395609,1.5064230713372426,1.217588432133198,1.5165362395346162,-0.9987411065958443,-1.0126006025820966,0.16760473252118882,0.3014043215929026
true0,left,-0.649730496884634,0.22527218447066844,0.25241788383573305,9.393737501154343,-0.0041904887475539,0.02695143582726208,0.9042371058215696,-0.5579574865211421,0.0,0.2345212724370261,11.08659765124321,-1.1130067724734545,-1.0094398399814966,-0.6656609270721672,0.643173543464703,0.1845503433408643
true0,right,-0.028494248477121058,0.0006078382466512267,0.12304934579879055,-1.0155642797374942,11.929911893763347,0.06269938133967418,1.2071495031317072,-0.6214380579282683,0.0,0.184979046539714,-1.4903759360313413,10.00654724240303,-0.6230282131582501,-0.9313669828698037,0.3889210149257754,0.841461020548498
true0,up,-0.008502587520827734,0.0,1.0489326054230332,1.1336722165967028,0.952902208751766,5.0092683871819945,1.6361268789817889,-0.721756386332951,0.0,0.06735194365804395,0.4540755450725557,0.8622886361554263,15.539796277880669,16.29902084544301,0.4685644444155818,0.6699128703015353
true0,down,-0.3562049254154164,0.0,-0.8023485550656912,1.1578478791440527,-0.0041904887475539,0.3992061712391053,43.342425589760154,-0.7934476120087006,0.0,0.001207768296202054,2.447722790762782,1.6555730048567057,9.68329157680273,12.633207377046347,2.546855014477236,2.081575937130159
true0,duck,-0.36986134837691964,0.0,-0.36589067289605726,-0.017890493695934675,-0.0041788341538904206,0.10450067023824279,0.5165062186618647,99.20655238799128,0.0,0.16667387339596954,-0.30353323183953745,0.2342414837330579,84.20767031610012,79.8911705724895,0.0032573895781145942,0.5941448300412353
true0,serenade,1.034112375850479,0.0,-1.7446810383116822,11.050508971015612,11.5500049078546,0.3920674929007266,-0.2499342157195012,-0.7299674121119701,8.654432389885187,1.7921460106348,14.74883133918047,14.727537620812654,-0.7833539787679913,-0.7465562066063283,0.38053863561556983,1.3124222387826494
true0,lock_L,-0.506573614043494,0.0,-1.6471635396592315,18.109507373223707,-0.0041904887475539,0.3820211789182697,-0.07675140226880704,-0.45275224277672044,3.1977349426597357,0.7645536762041352,17.59050565212965,-1.259957069531083,-0.7657968671992423,-0.16141154151409834,0.621019802017448,0.43342529309787403
true0,lock_R,1.457119694600503,0.0,-1.020411897683516,-1.2350151700278122,17.316419349022908,0.3667624527200435,0.40271825095017755,-0.563564129838293,4.222654942423105,1.0314134311241405,-1.10738874040544,17.509489383548498,-0.2530153235420586,-0.6072067124769089,-0.13779391203812938,1.0773778134292415
true0,her_L,-0.506573614043494,0.0,-1.6471635396592315,18.109507373223707,-0.0041904887475539,0.3820211789182697,-0.07675140226880704,-0.45275224277672044,3.1977349426597357,0.7645536762041352,17.59050565212965,-1.259957069531083,-0.7657968671992423,-0.16141154151409834,0.621019802017448,0.43342529309787403
true0,her_R,1.457119694600503,0.0,-1.020411897683516,-1.2350151700278122,17.316419349022908,0.3667624527200435,0.40271825095017755,-0.563564129838293,4.222654942423105,1.0314134311241405,-1.10738874040544,17.509489383548498,-0.2530153235420586,-0.6072067124769089,-0.13779391203812938,1.0773778134292415
true0,loom_L,-0.5893526192133625,0.0,0.3017148319631816,-0.0933982234758636,0.047993584790674504,0.08176124854556593,0.18280731452008095,52.544239343920104,0.0,0.06911435754348835,-0.6591348545625804,0.5928977280855177,84.92626987397671,1.0542469676584008,-0.2425003053328207,1.0854879170922986
true0,loom_R,0.004896597160647442,0.0,-0.5135144907981156,0.05876706556106599,-0.0041904887475539,-0.0004146503876351439,0.34422176827987033,52.95658829978978,0.0,0.06427824621399245,0.3324904143810274,-0.405346422456205,0.5251142755150794,80.75806767866015,0.6470293865616745,-0.025140634303776693
true0,wind_L,-0.13166830533494533,0.0,0.1677927505224944,0.34845151581491035,0.0041956764844144345,0.10147519572213544,1.3716392957915862,-0.2752146339432026,0.0,0.003299191671734086,0.29542335681617277,0.04325893055647602,-0.1400856487452985,0.22202438861131696,17.680322719931908,1.024633704012861
true0,wind_R,0.01142863292867951,0.0,0.46045137476176035,-0.049874991023292195,0.23001208138884977,0.00996766637157028,1.0216778789957361,-0.6659185633131224,0.0,0.014715723305319776,0.07606958877295278,0.48964684177190054,-0.06833276711404333,-0.6519741080701349,0.2470204757604127,19.351164417833687
changeling0,forward,1.341367974964669,-0.024756422443109237,0.14126870667678304,0.16470759501680732,2.555562148287814,0.1509756923187524,1.7368198448093604,1.0777812475377386,0.5970710716216368,0.7595165169332176,0.5750133812349909,0.9031402226343441,2.207938485934088,1.3018459744441016,0.08171712071058815,1.3352004954540462
changeling0,back,1.0309278532804456,2.138633928595178,0.43579387714271434,0.6310957737732679,0.5264611518456754,0.7914876791764982,1.1401429335819557,0.3234810709060792,0.5794493646832657,0.9341309175360946,1.1906190908436356,0.2876334282142731,1.6406877359064918,2.2324716194222365,1.4482307392696991,0.4208654564754397
changeling0,left,0.8130040076503064,0.4118322479613804,0.1309154188784305,0.2592391512589529,0.4238595242592661,0.006318703468423337,0.12484245002269745,-0.00693240346057185,-0.061053219418075344,0.2251767311245203,0.3140585106254245,0.4268980643052297,0.1900230577836434,0.12986945038816577,0.08209683722240395,0.5011940576550842
changeling0,right,0.11208526222617365,-0.04744388129741614,0.43712782792863436,0.17267286172136664,1.5627899253255844,0.4610985487815924,0.5779765552142635,0.5254878791553589,1.6338014616637035,0.3773431424051523,0.228683508389319,0.2740743988930869,1.031428428522001,1.2562879907588167,0.34703730249899917,0.1612386052911461
changeling0,up,0.13787376679829322,-0.04744388129741614,0.36508549822610803,0.8331649038009346,2.1716096880360656,0.04335659768548794,-0.02406523111858406,0.47910884381659946,-0.06678754324032826,0.7816897730808705,1.1925928544175504,0.5633926880351887,1.560451194799195,1.2651980097095175,0.03336936112615754,-0.009000054284115324
changeling0,down,0.49852314856252633,-0.04636718430068262,0.3647326445498038,0.4161576237529516,0.8098289591240851,0.13664640334900469,0.5210137303220108,0.3029925924298975,-0.06678754324032826,0.3727325031068176,1.3508914497603355,0.15957139372282347,1.190124822004388,0.6508235783937076,0.07404150231165356,0.5198728331779421
changeling0,duck,0.3722208108229097,2.3208010619115758,0.43855871309642674,0.5858950628899038,-0.15134930382676737,0.4418996063177474,0.6790967268170789,0.6306412665677877,-0.06678754324032826,1.0682687677908689,0.7823296373632426,2.4524673353686617,4.0449158634680025,1.4700868853057427,3.2820686540159536,0.20317226102997665
changeling0,serenade,1.8343346133769955,-0.04744388129741614,1.7691034975287039,2.7207488901913166,0.6382452218773929,1.2774041940574534,2.4871757422806695,2.9593822058329042,1.2918311650870844,1.1513721502851695,1.6369085309949394,2.578134839403598,1.449994549310456,3.2941023480768004,1.2331877607445376,0.11375247086471063
changeling0,lock_L,0.8525488372833934,-0.04744388129741614,1.2072893942531664,1.9763968149200082,-0.0748965512078333,0.7364497257512994,0.9836978378007188,0.1911338279993894,0.5317590539349717,0.6721878962125629,0.8793484529402729,0.7593183312371061,0.8432888702178994,0.965184714800368,1.249331064109053,0.1899640516094223
changeling0,lock_R,0.9878139999636915,-0.04744388129741614,0.78688157608849,0.9083571550436318,0.8162748359124331,0.6142458278336562,1.514680928667076,2.6762671699786242,0.9976651254116102,0.6130721771623939,0.826236043862688,2.014142260867326,0.7794707684467235,2.590412198255459,0.18865244456689342,-0.040481344295585586
changeling0,her_L,0.8525488372833934,-0.04744388129741614,1.2072893942531664,1.9763968149200082,-0.0748965512078333,0.7364497257512994,0.9836978378007188,0.1911338279993894,0.5317590539349717,0.6721878962125629,0.8793484529402729,0.7593183312371061,0.8432888702178994,0.965184714800368,1.249331064109053,0.1899640516094223
changeling0,her_R,0.9878139999636915,-0.04744388129741614,0.78688157608849,0.9083571550436318,0.8162748359124331,0.6142458278336562,1.514680928667076,2.6762671699786242,0.9976651254116102,0.6130721771623939,0.826236043862688,2.014142260867326,0.7794707684467235,2.590412198255459,0.18865244456689342,-0.040481344295585586
changeling0,loom_L,-0.04278190957847981,0.03173621379270722,0.29171743491315283,-0.07381177006755024,-0.15134930382676737,0.0801519296655897,0.6288018036866561,0.5795323628505381,-0.06488121495143179,0.6141196636017412,0.33784291175349307,1.7832769453331516,2.7683195398810003,0.7344935076932112,2.9456728911551786,0.07803612250791048
changeling0,loom_R,0.6446919961308595,2.613869919775121,0.14932893190416507,0.7971836973447353,0.31688639598238905,0.44555478083202615,0.062127740820869796,0.14963012169270465,0.030808848183975588,0.5463257899973541,0.5009766358804577,0.7613404118261919,1.3097833536254866,0.9898450585703058,0.0792252072366561,0.12305857708633994
changeling0,wind_L,0.4418897289724555,-0.02685466231317454,0.9660444467153866,0.6197531099896878,0.22152269865424995,0.15102124825352803,0.30741849332116544,0.3777698742730234,0.9780557933269545,0.4339530006982386,0.3614245371815438,0.4550196812294113,0.27441595533552277,0.45506902380536,0.5808961233648612,0.08851519211384584
changeling0,wind_R,0.2157619949139189,-0.04304281628113435,0.05126010425738059,1.034578137099743,0.4969175601824341,0.10537238931283355,0.473605464794673,-0.09646610863759024,-0.040674952254751894,0.22306622611358762,0.7101423147056872,0.3219750936647567,0.33292982812660443,0.4998797363756845,0.08693811651907404,0.04734726077367668
changeling1,forward,0.994662768566438,-0.01112943574730707,2.0555533163909185,1.5186273812626796,0.5384032855508849,0.146543177938535,1.590667023129451,3.22928335123288,0.34299406475232286,0.7302888660536458,2.326905804220587,5.552893391965578,1.9260031193650011,2.9451918316384162,3.744812500081025,0.018566480554757916
changeling1,back,1.5240154954468987,-0.01112943574730707,1.7275497152198418,1.1226388805856304,2.114297147723846,0.5934751404444492,0.8696348902691777,0.8781785571627552,0.7927102894367031,0.924691205456232,0.35698338062502444,1.2121826612080138,2.1995297655618433,1.3480850885001319,0.5298340093577281,0.09059227371547725
changeling1,left,-0.07268774307279575,-0.01112943574730707,-0.0025498637793740808,0.16503051035882285,0.6717484464170411,0.07704447019447497,1.0915175110955415,0.01452428258198779,-0.08994987517932411,0.3703810848140467,0.19434300542343408,0.3633839280034105,0.37578289389299857,0.4597705864192298,0.07332090841373429,-0.01670478173825056
changeling1,right,0.11271251983513743,0.028329313104450193,0.030271645305523037,0.34765891319451225,-0.0412778416502988,0.01497885491941512,1.4689766390171526,0.00438484056212474,-0.031821291565089865,0.3684921856814373,0.15017795783933252,0.11528192708889638,0.3504475519681971,0.4450194391732415,0.6555521750124171,-0.01318093942078728
changeling1,up,1.0739114092527116,-0.01112943574730707,2.6354562000099886,0.4083816130490352,1.9949425578815863,0.1979515501758821,0.9217452940453467,0.5403627706837142,0.16055797449856377,0.6679736092531433,0.8358194259926677,0.8302905239785708,1.8058194475403675,0.9340204548401135,3.748647379106842,-0.008739140151343843
changeling1,down,0.43228618021627574,-0.01112943574730707,0.9168690138224822,0.2631623169484858,0.0877812777762301,0.11446169908109974,4.069610131710458,0.7776613447495038,0.32617590293133003,0.4113544654877234,0.438162098871544,1.1415392758014302,0.2434485102227579,0.7159077043955526,0.5549476918531582,0.3135110249575821
changeling1,duck,0.6894751304159096,-0.01112943574730707,0.3167796447135818,1.7832460155089696,3.2726735722972085,0.6767779808020955,0.10536500501135987,1.687172740479582,1.7497405440857015,1.469842602110778,1.4545827498659492,3.424547667770336,3.716704563625778,1.7021408158664901,0.03972141770645976,0.10433873767109011
changeling1,serenade,1.1748504036901677,0.6985048384970014,1.1123699157227138,4.629824798864622,1.5445679690456018,0.8549174024252958,2.695240751646148,1.3373725472629303,0.46448456550327444,1.5880504311838497,3.0590455629862845,1.349882696910451,2.683284722656632,1.5123093215127783,1.2897424487164244,1.4869160563983614
changeling1,lock_L,0.7798147763921103,-0.01112943574730707,0.5032588166844411,0.9103393362214167,0.6524438500637189,0.6279744822992748,0.4383991037417824,0.318087852341705,1.2503795030837257,0.8316045408913245,1.2039586482569575,0.7568513477842012,1.6876089222884427,0.6742740486127636,1.732367793447338,0.15858473032206652
changeling1,lock_R,0.705956368833237,1.2088029220333283,0.630819242001356,3.7574086658035712,1.0093036860926077,0.32622706999488105,2.7463061043915022,1.095260114656412,-0.09845772447685401,0.8704196746305872,2.0681938366033137,0.5504242974954345,1.2195992818257464,1.0013991588105755,-0.1221391573199071,1.3481265013404782
changeling1,her_L,0.7798147763921103,-0.01112943574730707,0.5032588166844411,0.9103393362214167,0.6524438500637189,0.6279744822992748,0.4383991037417824,0.318087852341705,1.2503795030837257,0.8316045408913245,1.2039586482569575,0.7568513477842012,1.6876089222884427,0.6742740486127636,1.732367793447338,0.15858473032206652
changeling1,her_R,0.705956368833237,1.2088029220333283,0.630819242001356,3.7574086658035712,1.0093036860926077,0.32622706999488105,2.7463061043915022,1.095260114656412,-0.09845772447685401,0.8704196746305872,2.0681938366033137,0.5504242974954345,1.2195992818257464,1.0013991588105755,-0.1221391573199071,1.3481265013404782
changeling1,loom_L,0.7040528572494319,0.5493397894181271,0.27709525872099516,0.04839399156238261,2.398657436366193,0.4938885730686402,0.04389103866803151,1.6098589736648137,1.3646281751183171,0.822624472513174,0.5586927104741335,2.418857877297947,2.3240554494938497,1.100923229785015,-0.08022188506174643,0.1573311887630856
changeling1,loom_R,0.033080842181031266,-0.01112943574730707,0.03297401221546656,1.6691071627040703,0.9853694759076461,0.3286109851202734,0.02488950428475318,0.05688536568777636,0.37128480752774823,0.7481857194410017,0.8898895513266325,1.0295282878602545,1.5558546058988822,0.6831880617731563,0.1783623095252551,-0.01701912826608047
changeling1,wind_L,0.7734342155842265,-0.01112943574730707,0.14588666651009893,0.2228735549918686,0.588257918949239,0.43096438730087056,0.45419412156722194,-0.06104146703000879,0.6366938791082553,0.2871352181149025,0.7351500331424177,0.08528971268484989,0.9738581161169959,1.3548866583344834,1.1233911471208557,-0.001981197037290866
changeling1,wind_R,0.43114330771883635,-0.01112943574730707,0.7193247901935441,0.7838447828156253,0.39414197870064527,0.3567620359123491,0.07006289074585466,0.4912343954347307,0.37862115850051237,0.21038974142478156,0.2775270910933614,0.4660220971951881,0.43891780536311364,0.4505209653483083,0.15203463553916663,-0.01545375074830228
changeling2,forward,0.6994119478573944,0.7636380287343248,2.004394696162004,3.6313328536537783,1.7005626978546693,0.19890945777782085,1.0915947706089355,0.38211813441012055,-0.03563018343508398,0.7801702076879642,0.9210570747964084,0.7179271911348528,1.2370971664010237,1.577999391515429,0.9036804109685665,1.5344128439182896
changeling2,back,0.4526742413824346,-0.010589176231102707,0.15613029205511944,2.5093186477509644,0.8666929910153462,0.1973999084487635,0.575985815434251,0.8573416854487732,1.076245282468638,0.5975562723663947,0.9036375661380589,0.7151343386697895,1.4713803356668602,1.256093333863343,-0.04240661057944332,-0.062387980708990654
changeling2,left,0.18567957798465304,0.5210238530756519,0.04711419129550147,0.8547992043507595,0.7274289422396882,0.30914384138789797,0.5824470683583058,0.6298727112589404,-0.04130166473866362,0.4315647022643437,1.0218658330850303,0.12941082691152894,0.42159781364413595,0.4468821186261872,0.063269729410725,0.3541258671766627
changeling2,right,0.029410800848078587,-0.010589176231102707,-0.012278998362792953,0.9808486181621747,0.14402230842582264,0.23045771837253898,0.6918456941493787,0.06949011611868627,-0.02416805146973881,0.2005656488084545,0.26162479748018086,0.4861098124723262,0.34719270227166515,0.33676714977870387,-0.02693992616210987,0.007003100051406362
changeling2,up,0.5154555634314115,-0.010589176231102707,0.10894639726999837,1.2326416786139207,0.39144785657602676,0.30895809084662074,0.512887567805592,-0.09474318113643676,0.5283878617168134,0.5578231782031557,0.9286791747435927,0.9396014145653072,1.4041337933546554,1.3919251108697308,1.0366976659618858,-0.03086959081247187
changeling2,down,0.1981119712533351,-0.010589176231102707,0.42277847959000314,0.743465066732218,0.01897683793989321,0.2425253696322518,0.61787058605114,0.219005977967754,0.21070137373802333,0.5312335613028458,0.30607996019534767,0.48640443287634616,1.2566800885057698,1.08106141203704,0.06965835721833474,-0.060514427589623665
changeling2,duck,1.1948047444408683,-0.010589176231102707,0.5729371363510533,5.290246952169884,5.784809727241129,0.3074054986985477,1.1177486088708974,2.0494256030069664,0.08250377702400631,0.8018360397157571,3.1117920610122383,1.9535490001629419,2.7024371693066005,2.241311757747704,3.0717451058202037,0.060257161455410824
changeling2,serenade,0.4467414686174985,0.05559509609641583,2.1773217777469345,2.2583682805610206,0.026750466980350517,1.757207517749824,0.5861827941262163,1.2720091502415016,1.3162961999599547,0.9977124369082349,1.0804324303753674,1.711898345228595,2.064005388335014,1.862809024673576,0.7060290689454026,2.159832875056054
changeling2,lock_L,0.36602589301279903,0.222644123864787,0.4541119032752855,0.65328390042608,0.7918181147154734,1.4969938856132403,0.264846388658043,0.8041902143741027,-0.04130166473866362,0.6393879424625388,0.28210210241377354,1.3591917689967277,1.229764479600514,0.7793355033888171,0.04428800920625993,2.228869559055056
changeling2,lock_R,0.19494447914864085,-0.010589176231102707,2.034489579566676,1.7925454274130366,-0.2010249271794843,0.5304421940866937,0.4867229774245061,0.6143841008888558,1.649172585615209,0.4739673604102185,1.0468767662532628,0.8424082367758577,0.9564719632423173,1.2936530517569436,0.7103127825879104,-0.026976498682415695
changeling2,her_L,0.36602589301279903,0.222644123864787,0.4541119032752855,0.65328390042608,0.7918181147154734,1.4969938856132403,0.264846388658043,0.8041902143741027,-0.04130166473866362,0.6393879424625388,0.28210210241377354,1.3591917689967277,1.229764479600514,0.7793355033888171,0.04428800920625993,2.228869559055056
changeling2,her_R,0.19494447914864085,-0.010589176231102707,2.034489579566676,1.7925454274130366,-0.2010249271794843,0.5304421940866937,0.4867229774245061,0.6143841008888558,1.649172585615209,0.4739673604102185,1.0468767662532628,0.8424082367758577,0.9564719632423173,1.2936530517569436,0.7103127825879104,-0.026976498682415695
changeling2,loom_L,0.38288012088257045,-0.010589176231102707,0.05011442965284611,4.598864374527086,5.46551861615929,0.07654792041770024,1.1549152201623656,1.1980773067334667,0.016726708211839046,0.5349840496977172,1.620218398515135,1.3964275566007318,1.3890158388918887,1.3571265734887374,2.829542539814914,-0.054571747032696294
changeling2,loom_R,0.9834960458053199,0.05273177219836117,0.7549741580830109,0.7232417090175054,0.25119118732012186,0.3096575595021325,0.07236476324032992,1.0052103061461821,0.007894540115861066,0.3773055475515623,1.5960589642636478,0.5926041355899847,1.4711388856327783,1.0228925034559024,0.28695155194630684,0.10237763106215425
changeling2,wind_L,1.2259677919743506,-0.010589176231102707,0.7663141885520114,0.08998819914025566,0.46786268290209904,0.07509499797500511,0.41807098785648117,0.3864579008659348,-0.04130166473866362,0.37713546476637316,0.6173990862444043,0.9300535933192198,0.8213816121375809,0.8775326538986217,0.3945773411881721,-0.05997181132119067
changeling2,wind_R,0.8864600496550945,-1.2384279822679834e-05,0.0797477174298062,0.8022000145477555,0.1592569587713418,-0.02603600107128538,0.0073325285338796675,0.20109229965601116,0.06766872663623265,0.2841738517939423,0.40957993920892477,0.09299168784248953,0.3375307346383731,0.7029610941341767,0.19256313590934346,-0.0534952797569872
